<?xml version="1.0"?>
<pagescount>
	<html_total>8</html_total>
	<html_done>8</html_done>
	<images>126</images>
	<script>41</script>
	<css>8</css>
	<pdf/>
	<documents/>
	<excel/>
	<powerpoint/>
	<flash/>
	<audios/>
	<videos/>
	<xml/>
	<json/>
	<txt/>
	<autocad/>
	<fonts>25</fonts>
	<scraping_reload>1</scraping_reload>
	<is_pretty_url>false</is_pretty_url>
	<is_ebn>false</is_ebn>
	<email>osama.websecure@gmail.com</email>
	<theme_name>WmdTheme642045</theme_name>
	<server_url_front_page>https://www6.waybackmachinedownloader.com/wdo/files/demo/paperswriter.co.uk_osama.websecure_gmail.com_th3tvel27q/</server_url_front_page>
	<no_www_url>paperswriter.co.uk</no_www_url>
	<hosted_domain/>
	<original_archive_url>https://paperswriter.co.uk</original_archive_url>
	<final_archive_url>https://paperswriter.co.uk/</final_archive_url>
	<front_page_code_date/>
	<total_urls_from_api/>
	<max_reached_live>false</max_reached_live>
	<scrape_other_captures>false</scrape_other_captures>
	<total_size>14248</total_size>
</pagescount>
